"rating","avg_length","film_length_category"
"G","111.0505617977528090","Long"
"PG","112.0051546391752577","Long"
"PG-13","120.4439461883408072","Long"
"NC-17","113.2285714285714286","Long"
"R","118.6615384615384615","Long"
